title,price,Link,image_urls
2-Pack Easy Microwave Egg Cooker,£9.98,https://techinstr.myshopify.com/products/2-pack-easy-microwave-egg-cooker,https://cdn.shopify.com/s/files/1/0115/5350/5338/products/product-image-682666773_530x@2x.jpg?v=1574584859
24 inch Confetti Balloons Party Clear Transparent ConfettiBalloons for Birthday Wedding Graduation Decoration,£2.14,https://techinstr.myshopify.com/products/24-inch-confetti-balloons-party-clear-transparent-confettiballoons-for-birthday-wedding-graduation-decoration,https://cdn.shopify.com/s/files/1/0115/5350/5338/products/product-image-809470741_530x@2x.jpg?v=1574584859
2.5L Ice Core Beer Dispenser Beverage Machine Ice Tube for Wine Alcohol Juice Soft Drink,£120.48,https://techinstr.myshopify.com/products/2-5l-ice-core-beer-dispenser-beverage-machine-ice-tube-for-wine-alcohol-juice-soft-drink,https://cdn.shopify.com/s/files/1/0115/5350/5338/products/product-image-535054882_530x@2x.jpg?v=1574584857
10 Piece Black Oval Brush Set,£19.98,https://techinstr.myshopify.com/products/10-piece-black-oval-brush-set,https://cdn.shopify.com/s/files/1/0115/5350/5338/products/product-image-682628474_530x@2x.jpg?v=1574584859
2016 women summer fashion chest wrap lace dress long sexy leak back beach dress,£21.70,https://techinstr.myshopify.com/products/2016-women-summer-fashion-chest-wrap-lace-dress-long-sexy-leak-back-beach-dress,https://cdn.shopify.com/s/files/1/0115/5350/5338/products/product-image-808372475_530x@2x.jpg?v=1574584859
50pcs White Feathers with Gold Tips Dipped Natural White Feathers for Various Crafts Birthday Parties Wedding and Party Dress-ups,£10.50,https://techinstr.myshopify.com/products/50pcs-white-feathers-with-gold-tips-dipped-natural-white-feathers-for-various-crafts-birthday-parties-wedding-and-party-dress-ups,https://cdn.shopify.com/s/files/1/0115/5350/5338/products/product-image-796515777_530x@2x.jpg?v=1574584861
3PCs Clear Plastic Food Ice Salad Scoops Sugar Sweet Candy Shovel Bar Buffet Wedding Party Tools,£3.46,https://techinstr.myshopify.com/products/3pcs-clear-plastic-food-ice-salad-scoops-sugar-sweet-candy-shovel-bar-buffet-wedding-party-tools,https://cdn.shopify.com/s/files/1/0115/5350/5338/products/product-image-813496964_530x@2x.jpg?v=1574584860
Automatic Toothpaste Dispenser 5 Toothbrush Holder Set Wall Mount Stand toothbrush Family Set Auto Toothpaste Dispenser Squeezer,£9.98,https://techinstr.myshopify.com/products/automatic-toothpaste-dispenser-5-toothbrush-holder-set-wall-mount-stand-toothbrush-family-set-auto-toothpaste-dispenser-squeezer,https://cdn.shopify.com/s/files/1/0115/5350/5338/products/product-image-499131089_530x@2x.jpg?v=1574584860
2017 Fashion Watch Women PU Leather Quartz Wrist Watches Hour montre femme relogio feminino Dress Watch Lady #23,£3.34,https://techinstr.myshopify.com/products/2017-fashion-watch-women-pu-leather-quartz-wrist-watches-hour-montre-femme-relogio-feminino-dress-watch-lady-23,https://cdn.shopify.com/s/files/1/0115/5350/5338/products/product-image-431707958_530x@2x.jpg?v=1574584858
1xPlastic Manual Balloon Pump Inflator Air Pillow for Party Decor Random Color,£1.80,https://techinstr.myshopify.com/products/1xplastic-manual-balloon-pump-inflator-air-pillow-for-party-decor-random-color,https://cdn.shopify.com/s/files/1/0115/5350/5338/products/product-image-847995711_530x@2x.jpg?v=1574584858
7 Chakra Healing Beaded Bracelet Natural Lava Stone Diffuser Bracelet Jewelry,£7.86,https://techinstr.myshopify.com/products/7-chakra-healing-beaded-bracelet-natural-lava-stone-diffuser-bracelet-jewelry,https://cdn.shopify.com/s/files/1/0115/5350/5338/products/product-image-451091922_530x@2x.jpg?v=1574584860
4PCS Halloween Tricky Props Fake Frog Simulation Prop For Halloween April Fool's Day Mischief (Random Color),£12.06,https://techinstr.myshopify.com/products/4pcs-halloween-tricky-props-fake-frog-simulation-prop-for-halloween-april-fools-day-mischief-random-color,https://cdn.shopify.com/s/files/1/0115/5350/5338/products/product-image-819572840_530x@2x.jpg?v=1574584859
Baby Girls Hair Tie Ribbon Bow Clips Barrettes Hair Accessory Set for Newborn Toddler Children 18Pcs Gift Box Silver,£12.14,https://techinstr.myshopify.com/products/baby-girls-hair-tie-ribbon-bow-clips-barrettes-hair-accessory-set-for-newborn-toddler-children-18pcs-gift-box-silver-2,https://cdn.shopify.com/s/files/1/0115/5350/5338/products/product-image-862613967_ff46ebf4-88d3-462a-aa88-acdf3a9466b3_530x@2x.jpg?v=1574584861
2-strip Velocity Elastic Elastica Bungee Rubber Band for Slingshot Catapult Hunting,£0.00,https://techinstr.myshopify.com/products/2-strip-velocity-elastic-elastica-bungee-rubber-band-for-slingshot-catapult-hunting-2,https://cdn.shopify.com/s/files/1/0115/5350/5338/products/product-image-788094515_a6507346-6a1b-4e56-8d50-b783987c0079_530x@2x.jpg?v=1574584861
5000Pcs 3MM DIY Diamond Table Confetti Clear Crystal Events Party Accessories,£7.58,https://techinstr.myshopify.com/products/5000pcs-3mm-diy-diamond-table-confetti-clear-crystal-events-party-accessories,https://cdn.shopify.com/s/files/1/0115/5350/5338/products/product-image-797765728_530x@2x.jpg?v=1574584860
Adam 1,£33.00,https://techinstr.myshopify.com/products/adam-1,https://cdn.shopify.com/s/files/1/0115/5350/5338/products/tyrol-sauna-arlberg-st-anton-3_530x@2x.jpg?v=1574584855
Brown + Black Gel Eyeliner,£9.98,https://techinstr.myshopify.com/products/brown-black-gel-eyeliner,https://cdn.shopify.com/s/files/1/0115/5350/5338/products/product-image-687223689_530x@2x.jpg?v=1574584861
Charlies Angels I Believe T Shirt,£26.00,https://techinstr.myshopify.com/products/charlies-angels-i-believe-t-shirt,https://cdn.shopify.com/s/files/1/0115/5350/5338/products/product-image-763726746_530x@2x.jpg?v=1574584855
Californication Smoker T Shirt,£26.00,https://techinstr.myshopify.com/products/californication-smoker-t-shirt,https://cdn.shopify.com/s/files/1/0115/5350/5338/products/product-image-758833891_530x@2x.jpg?v=1574584856
Californication I Get Moody T Shirt,£26.00,https://techinstr.myshopify.com/products/californication-i-get-moody-t-shirt,https://cdn.shopify.com/s/files/1/0115/5350/5338/products/product-image-759608062_530x@2x.jpg?v=1574584856
Dawsons Creek Feelings T Shirt,£26.00,https://techinstr.myshopify.com/products/dawsons-creek-feelings-t-shirt,https://cdn.shopify.com/s/files/1/0115/5350/5338/products/product-image-759744419_530x@2x.jpg?v=1574584856
Cute Halloween Head Band Pumpkin Hairband Pumpkin Hat Kids Children Witch Hat,£7.50,https://techinstr.myshopify.com/products/cute-halloween-head-band-pumpkin-hairband-pumpkin-hat-kids-children-witch-hat,https://cdn.shopify.com/s/files/1/0115/5350/5338/products/product-image-805962346_530x@2x.jpg?v=1574584858
Californication Hank Is My Hero T Shirt,£26.00,https://techinstr.myshopify.com/products/californication-hank-is-my-hero-t-shirt,https://cdn.shopify.com/s/files/1/0115/5350/5338/products/product-image-763725629_530x@2x.jpg?v=1574584857
Credit Card Holders PU Card Bus ID Holders Identity Badge Product,£1.96,https://techinstr.myshopify.com/products/credit-card-holders-pu-card-bus-id-holders-identity-badge-product,https://cdn.shopify.com/s/files/1/0115/5350/5338/products/product-image-762989456_530x@2x.jpg?v=1574584856
Borgias Family Portrait T Shirt,£26.00,https://techinstr.myshopify.com/products/borgias-family-portrait-t-shirt,https://cdn.shopify.com/s/files/1/0115/5350/5338/products/product-image-759475249_530x@2x.jpg?v=1574584856
Charlies Angels Trio Block T Shirt,£26.00,https://techinstr.myshopify.com/products/charlies-angels-trio-block-t-shirt,https://cdn.shopify.com/s/files/1/0115/5350/5338/products/product-image-759744355_530x@2x.jpg?v=1574584856
"Creative DIY Build-on Brick Mug Lego Style Puzzle Mugs, Building Blocks Coffee Mug",£12.00,https://techinstr.myshopify.com/products/creative-diy-build-on-brick-mug-lego-style-puzzle-mugs-building-blocks-coffee-mug,https://cdn.shopify.com/s/files/1/0115/5350/5338/products/product-image-632722962_530x@2x.jpg?v=1574584857
Criminal Minds Hotch T Shirt,£26.00,https://techinstr.myshopify.com/products/criminal-minds-hotch-t-shirt,https://cdn.shopify.com/s/files/1/0115/5350/5338/products/product-image-759246866_530x@2x.jpg?v=1574584856
Dexter Plastic Wrap T Shirt,£26.00,https://techinstr.myshopify.com/products/dexter-plastic-wrap-t-shirt,https://cdn.shopify.com/s/files/1/0115/5350/5338/products/product-image-759701389_530x@2x.jpg?v=1574584856
Charlies Angels I Only Answer To Charlie T Shirt,£26.00,https://techinstr.myshopify.com/products/charlies-angels-i-only-answer-to-charlie-t-shirt,https://cdn.shopify.com/s/files/1/0115/5350/5338/products/product-image-759744840_530x@2x.jpg?v=1574584856
Dexter Splatter T Shirt,£26.00,https://techinstr.myshopify.com/products/dexter-splatter-t-shirt,https://cdn.shopify.com/s/files/1/0115/5350/5338/products/product-image-758834626_530x@2x.jpg?v=1574584857
Dexter Good Bad T Shirt,£26.00,https://techinstr.myshopify.com/products/dexter-good-bad-t-shirt,https://cdn.shopify.com/s/files/1/0115/5350/5338/products/product-image-759700198_530x@2x.jpg?v=1574584856
Bewitched Bewitched T Shirt,£26.00,https://techinstr.myshopify.com/products/bewitched-bewitched-t-shirt,https://cdn.shopify.com/s/files/1/0115/5350/5338/products/product-image-759014439_530x@2x.jpg?v=1574584856
Cheers Norm T Shirt,£26.00,https://techinstr.myshopify.com/products/cheers-norm-t-shirt,https://cdn.shopify.com/s/files/1/0115/5350/5338/products/product-image-760385609_530x@2x.jpg?v=1574584856
Facial Face Mask Sheet Essence Replenishment Moisture Mask Cosmetics,£1.96,https://techinstr.myshopify.com/products/facial-face-mask-sheet-essence-replenishment-moisture-mask-cosmetics,https://cdn.shopify.com/s/files/1/0115/5350/5338/products/product-image-522905748_530x@2x.jpg?v=1574584856
Electric Face Cleanser Vibrate Pore Clean Silicone Cleansing Brush Massager Facial Vibration Skin Care Spa Massage,£27.98,https://techinstr.myshopify.com/products/electric-face-cleanser-vibrate-pore-clean-silicone-cleansing-brush-massager-facial-vibration-skin-care-spa-massage,https://cdn.shopify.com/s/files/1/0115/5350/5338/products/product-image-522062547_530x@2x.jpg?v=1574584857
European Pastoral Style Hollow LOVE Floor Lamp Candle Holder Vase Storage Bucket For Wedding Party DIY Home decoration,£19.32,https://techinstr.myshopify.com/products/european-pastoral-style-hollow-love-floor-lamp-candle-holder-vase-storage-bucket-for-wedding-party-diy-home-decoration,https://cdn.shopify.com/s/files/1/0115/5350/5338/products/product-image-763299163_530x@2x.jpg?v=1574584860
Good Grips 3-in-1 Avocado Slicer,£5.88,https://techinstr.myshopify.com/products/good-grips-3-in-1-avocado-slicer,https://cdn.shopify.com/s/files/1/0115/5350/5338/products/product-image-617807569_530x@2x.jpg?v=1574584860
Elegant breast cancer logo high - grade diamond AIDS pink ribbon brooch clothing accessories,£0.60,https://techinstr.myshopify.com/products/elegant-breast-cancer-logo-high-grade-diamond-aids-pink-ribbon-brooch-clothing-accessories-1,https://cdn.shopify.com/s/files/1/0115/5350/5338/products/product-image-849660212_0b87f55c-d614-4caf-9f99-5c3df157ff83_530x@2x.jpg?v=1574584860
Fashion Print Street Style Men Jacket,£26.46,https://techinstr.myshopify.com/products/fashion-print-street-style-men-jacket,https://cdn.shopify.com/s/files/1/0115/5350/5338/products/product-image-796343313_530x@2x.jpg?v=1574584858
BeddingOutlet Soft Cozy Velvet Plush Throw Blanket Rainbow Elephant Modern Line Art Sherpa Blanket for Couch Throw Travel,£39.48,https://techinstr.myshopify.com/products/beddingoutlet-soft-cozy-velvet-plush-throw-blanket-rainbow-elephant-modern-line-art-sherpa-blanket-for-couch-throw-travel,https://cdn.shopify.com/s/files/1/0115/5350/5338/products/product-image-720412518_530x@2x.jpg?v=1574584859
Geneva Watch Women Fashion 2017 Casual Quartz Watches PU Leather Men's Watches Business Style Wristwatches relogio masculino #53,£3.72,https://techinstr.myshopify.com/products/geneva-watch-women-fashion-2017-casual-quartz-watches-pu-leather-mens-watches-business-style-wristwatches-relogio-masculino-53,https://cdn.shopify.com/s/files/1/0115/5350/5338/products/product-image-349553111_530x@2x.jpg?v=1574584856
Halloween Cosplay Mask Horrific Mask Creepy Terrifying Toothy Flame Clown Mask,£29.30,https://techinstr.myshopify.com/products/halloween-cosplay-mask-horrific-mask-creepy-terrifying-toothy-flame-clown-mask,https://cdn.shopify.com/s/files/1/0115/5350/5338/products/product-image-766675208_530x@2x.jpg?v=1574584859
Hair Styling Hair Bun Maker Clip Curler Roller Tool Hair Donut Former for Girl Ladies Magic DIY Hair Tool,£1.96,https://techinstr.myshopify.com/products/hair-styling-hair-bun-maker-clip-curler-roller-tool-hair-donut-former-for-girl-ladies-magic-diy-hair-tool,https://cdn.shopify.com/s/files/1/0115/5350/5338/products/product-image-510023093_530x@2x.jpg?v=1574584858
Grandmother Love Daughter Leather Strap Bracelet,£7.98,https://techinstr.myshopify.com/products/grandmother-love-daughter-leather-strap-bracelet,https://cdn.shopify.com/s/files/1/0115/5350/5338/products/product-image-686970920_530x@2x.jpg?v=1574584858
I Dream Of Jeannie Think And Blink T Shirt,£26.00,https://techinstr.myshopify.com/products/i-dream-of-jeannie-think-and-blink-t-shirt,https://cdn.shopify.com/s/files/1/0115/5350/5338/products/product-image-759744600_530x@2x.jpg?v=1574584857
Female Yarn Without A Trace of Ultra thin Ladies Sexy Pure Color Low Waist,£2.64,https://techinstr.myshopify.com/products/female-yarn-without-a-trace-of-ultra-thin-ladies-sexy-pure-color-low-waist,https://cdn.shopify.com/s/files/1/0115/5350/5338/products/product-image-762680342_530x@2x.jpg?v=1574584857
Latex Full Head Toothy Monster Mask Scary Creepy Devil Mask for Halloween Masquerade Costume Cosplay Party Props,£20.42,https://techinstr.myshopify.com/products/latex-full-head-toothy-monster-mask-scary-creepy-devil-mask-for-halloween-masquerade-costume-cosplay-party-props,https://cdn.shopify.com/s/files/1/0115/5350/5338/products/product-image-862643160_530x@2x.jpg?v=1574584860
Hot Selling Creative Stainless Steel Fruit Pineapple Corer Slicers Peeler Parer Cutter Kitchen Tool,£9.36,https://techinstr.myshopify.com/products/hot-selling-creative-stainless-steel-fruit-pineapple-corer-slicers-peeler-parer-cutter-kitchen-tool-1,https://cdn.shopify.com/s/files/1/0115/5350/5338/products/product-image-718734826_f4448b1e-b5ab-4f5a-94c0-47a3fa7648b5_530x@2x.jpg?v=1574584860
Foldable Aluminum 8' Folding Beer Pong Table,£147.90,https://techinstr.myshopify.com/products/foldable-aluminum-8-folding-beer-pong-table,https://cdn.shopify.com/s/files/1/0115/5350/5338/products/product-image-850780477_530x@2x.jpg?v=1574584860
I Dream Of Jeannie Jeannie Paint T Shirt,£26.00,https://techinstr.myshopify.com/products/i-dream-of-jeannie-jeannie-paint-t-shirt,https://cdn.shopify.com/s/files/1/0115/5350/5338/products/product-image-759016532_530x@2x.jpg?v=1574584856
Floral Baby Girl Princess Bridesmaid Pageant Gown Birthday Party Wedding Dress,£30.80,https://techinstr.myshopify.com/products/floral-baby-girl-princess-bridesmaid-pageant-gown-birthday-party-wedding-dress,https://cdn.shopify.com/s/files/1/0115/5350/5338/products/product-image-627537972_530x@2x.jpg?v=1574584857
High Quality Metal Shiny Card Holder Wallet,£6.00,https://techinstr.myshopify.com/products/high-quality-metal-shiny-card-holder-wallet,https://cdn.shopify.com/s/files/1/0115/5350/5338/products/product-image-682663257_530x@2x.jpg?v=1574584859
Horse Head Mask Animal Costume n Toys Party Halloween,£16.44,https://techinstr.myshopify.com/products/horse-head-mask-animal-costume-n-toys-party-halloween,https://cdn.shopify.com/s/files/1/0115/5350/5338/products/product-image-763293695_530x@2x.jpg?v=1574584859
Men Outdoor Warm Winter Thick Jacket Plus Fur Hooded Coat Jacket,£89.78,https://techinstr.myshopify.com/products/men-outdoor-warm-winter-thick-jacket-plus-fur-hooded-coat-jacket,https://cdn.shopify.com/s/files/1/0115/5350/5338/products/product-image-553443345_530x@2x.jpg?v=1574584860
Magic Rainbow Racetrack - Glow In The Dark,£25.98,https://techinstr.myshopify.com/products/magic-rainbow-racetrack-glow-in-the-dark,https://cdn.shopify.com/s/files/1/0115/5350/5338/products/product-image-682634090_530x@2x.jpg?v=1574584858
M L XL XXL 3XL 4XL 5XL plus size cotton casual autumn 2018 women dress long sleeve big size navy blue striped loose midi female #OM8261,£72.34,https://techinstr.myshopify.com/products/m-l-xl-xxl-3xl-4xl-5xl-plus-size-cotton-casual-autumn-2018-women-dress-long-sleeve-big-size-navy-blue-striped-loose-midi-female-om8261,https://cdn.shopify.com/s/files/1/0115/5350/5338/products/product-image-809364225_530x@2x.jpg?v=1574584858
Luxury Edition Black Scrape World Map Deluxe Travel Scratch Map Travel Map Poster Scratch Off World Map Gift for Traveler,£10.20,https://techinstr.myshopify.com/products/luxury-edition-black-scrape-world-map-deluxe-travel-scratch-map-travel-map-poster-scratch-off-world-map-gift-for-traveler,https://cdn.shopify.com/s/files/1/0115/5350/5338/products/product-image-380904509_530x@2x.jpg?v=1574584856
Magda 1,£66.00,https://techinstr.myshopify.com/products/magda-1,https://cdn.shopify.com/s/files/1/0115/5350/5338/products/car1_530x@2x.jpg?v=1574584855
Halloween Demon Cat Pullovers,£28.38,https://techinstr.myshopify.com/products/halloween-demon-cat-pullovers,https://cdn.shopify.com/s/files/1/0115/5350/5338/products/product-image-798298752_530x@2x.jpg?v=1574584860
LED Night Light 3D Printing Moon Lamp Dimmable Touch Control USB Charging Light,£19.80,https://techinstr.myshopify.com/products/led-night-light-3d-printing-moon-lamp-dimmable-touch-control-usb-charging-light,https://cdn.shopify.com/s/files/1/0115/5350/5338/products/product-image-635357344_530x@2x.jpg?v=1574584859
Ncis The Boss T Shirt,£26.00,https://techinstr.myshopify.com/products/ncis-the-boss-t-shirt,https://cdn.shopify.com/s/files/1/0115/5350/5338/products/product-image-759245036_530x@2x.jpg?v=1574584856
New Arrival Mens Motorcycle Leather Jacket,£75.24,https://techinstr.myshopify.com/products/new-arrival-mens-motorcycle-leather-jacket,https://cdn.shopify.com/s/files/1/0115/5350/5338/products/product-image-812220021_530x@2x.jpg?v=1574584858
Men's Casual Sport LED Watches Digital Military Wristwatch Digital Watch,£3.38,https://techinstr.myshopify.com/products/mens-casual-sport-led-watches-digital-military-wristwatch-digital-watch-1,https://cdn.shopify.com/s/files/1/0115/5350/5338/products/product-image-644919678_bfc0cae9-3e88-4c97-b043-08561fcea3df_530x@2x.jpg?v=1574584858
"Happy Wife Happy Life Tie Dye Tee Shirt - Woodstock, Small",£28.00,https://techinstr.myshopify.com/products/happy-wife-happy-life-tie-dye-tee-shirt-woodstock-small,https://cdn.shopify.com/s/files/1/0115/5350/5338/products/product-image-791294970_530x@2x.jpg?v=1574584858
Maxi Black Pink Flowers Skirt,£42.30,https://techinstr.myshopify.com/products/maxi-black-pink-flowers-skirt,https://cdn.shopify.com/s/files/1/0115/5350/5338/products/product-image-832488349_530x@2x.jpg?v=1574584860
Natural Beauty Dense A Pair False Eyelashes,£1.88,https://techinstr.myshopify.com/products/natural-beauty-dense-a-pair-false-eyelashes,https://cdn.shopify.com/s/files/1/0115/5350/5338/products/product-image-524310222_530x@2x.jpg?v=1574584856
Mini WiFi USB Signal Booster,£10.50,https://techinstr.myshopify.com/products/mini-wifi-usb-signal-booster-1,https://cdn.shopify.com/s/files/1/0115/5350/5338/products/product-image-675146435_c837943e-28a3-4024-a396-ad6631bfe61b_530x@2x.jpg?v=1574584860
Mini Portable LCD LED Projector Full HD 1080P,£69.96,https://techinstr.myshopify.com/products/mini-portable-lcd-led-projector-full-hd-1080p,https://cdn.shopify.com/s/files/1/0115/5350/5338/products/product-image-507891259_530x@2x.jpg?v=1574584858
New Posture Corrector Shoulder Bandage Corset Back Orthopedic Brace Scoliosis Back Support Belt for Man Woman,£11.98,https://techinstr.myshopify.com/products/new-posture-corrector-shoulder-bandage-corset-back-orthopedic-brace-scoliosis-back-support-belt-for-man-woman,https://cdn.shopify.com/s/files/1/0115/5350/5338/products/product-image-614229977_530x@2x.jpg?v=1574584858
Mighty Mouse Here I Come T Shirt,£26.00,https://techinstr.myshopify.com/products/mighty-mouse-here-i-come-t-shirt,https://cdn.shopify.com/s/files/1/0115/5350/5338/products/product-image-759019283_530x@2x.jpg?v=1574584856
Multi-functional Magnetic Car Phone Holder 360° Rotation,£4.80,https://techinstr.myshopify.com/products/multi-functional-magnetic-car-phone-holder-360-rotation,https://cdn.shopify.com/s/files/1/0115/5350/5338/products/product-image-578041190_530x@2x.jpg?v=1574584857
Ncis Strange T Shirt,£26.00,https://techinstr.myshopify.com/products/ncis-strange-t-shirt,https://cdn.shopify.com/s/files/1/0115/5350/5338/products/product-image-758834218_530x@2x.jpg?v=1574584856
Official Bullstate Regulation Cornhole Set (Pyramid),£449.98,https://techinstr.myshopify.com/products/official-bullstate-regulation-cornhole-set-pyramid,https://cdn.shopify.com/s/files/1/0115/5350/5338/products/product-image-842065258_530x@2x.jpg?v=1574584859
New Stainless Steel Ring Titanium Silver Black Gold,£4.18,https://techinstr.myshopify.com/products/new-stainless-steel-ring-titanium-silver-black-gold,https://cdn.shopify.com/s/files/1/0115/5350/5338/products/product-image-618343017_530x@2x.jpg?v=1574584856
Nurse Jackie Life Is Full T Shirt,£26.00,https://techinstr.myshopify.com/products/nurse-jackie-life-is-full-t-shirt,https://cdn.shopify.com/s/files/1/0115/5350/5338/products/product-image-759475252_530x@2x.jpg?v=1574584856
Original ColorShift Egg Timer,£13.98,https://techinstr.myshopify.com/products/original-colorshift-egg-timer,https://cdn.shopify.com/s/files/1/0115/5350/5338/products/product-image-682662344_530x@2x.jpg?v=1574584858
New Landscaping Decoration Heart Shaped Stickers 12 Butterfly Stickers,£1.78,https://techinstr.myshopify.com/products/new-landscaping-decoration-heart-shaped-stickers-12-butterfly-stickers,https://cdn.shopify.com/s/files/1/0115/5350/5338/products/product-image-524768093_530x@2x.jpg?v=1574584856
NEW Black Mud Deep Cleansing Blackhead Remover Purifying Peel Face Mask,£1.88,https://techinstr.myshopify.com/products/new-black-mud-deep-cleansing-blackhead-remover-purifying-peel-face-mask,https://cdn.shopify.com/s/files/1/0115/5350/5338/products/product-image-522905554_530x@2x.jpg?v=1574584856
One Piece No Clip Hair Extensions Long Straight Hairpiece Adjustable Hidden Transparent Wire Synthetic Fiber Hairpieces,£10.88,https://techinstr.myshopify.com/products/one-piece-no-clip-hair-extensions-long-straight-hairpiece-adjustable-hidden-transparent-wire-synthetic-fiber-hairpieces-2,https://cdn.shopify.com/s/files/1/0115/5350/5338/products/product-image-862613958_793edf69-806d-41f3-a78e-1639b2b25780_530x@2x.jpg?v=1574584861
NEW Fashion Women Multilayer Alloy Pendant Necklace Chain Jewelry,£5.52,https://techinstr.myshopify.com/products/new-fashion-women-multilayer-alloy-pendant-necklace-chain-jewelry,https://cdn.shopify.com/s/files/1/0115/5350/5338/products/product-image-579928970_530x@2x.jpg?v=1574584860
Newborn Toddler Baby Girls Boys Camouflage Bow Tops Pants Outfits Set Clothes,£11.14,https://techinstr.myshopify.com/products/newborn-toddler-baby-girls-boys-camouflage-bow-tops-pants-outfits-set-clothes,https://cdn.shopify.com/s/files/1/0115/5350/5338/products/product-image-515768186_530x@2x.jpg?v=1574584860
Outdoor Pet Collar TPE Insect Mosquito Flea Prevention Adjustable Outdoor Dog Neck Supplies,£6.64,https://techinstr.myshopify.com/products/outdoor-pet-collar-tpe-insect-mosquito-flea-prevention-adjustable-outdoor-dog-neck-supplies-1,https://cdn.shopify.com/s/files/1/0115/5350/5338/products/product-image-777746005_ff7de8c8-0098-4598-895f-9f6ba4bf953d_530x@2x.jpg?v=1574584860
Portable Mini DV MD80 DVR Sport Video Camera Hidden Spy Video Recorder Digital Camera with USB Cord,£14.18,https://techinstr.myshopify.com/products/portable-mini-dv-md80-dvr-sport-video-camera-hidden-spy-video-recorder-digital-camera-with-usb-cord,https://cdn.shopify.com/s/files/1/0115/5350/5338/products/product-image-527854431_530x@2x.jpg?v=1574584857
PU Leather Jacket with Zipper,£60.00,https://techinstr.myshopify.com/products/pu-leather-jacket-with-zipper,https://cdn.shopify.com/s/files/1/0115/5350/5338/products/product-image-343075214_530x@2x.jpg?v=1574584859
SHEIN Pearl and Rhinestone Embellished Leggings Fitness Women Solid Black Casual Autumn 2017 Womens Leggings Pants,£25.94,https://techinstr.myshopify.com/products/shein-pearl-and-rhinestone-embellished-leggings-fitness-women-solid-black-casual-autumn-2017-womens-leggings-pants,https://cdn.shopify.com/s/files/1/0115/5350/5338/products/product-image-465269241_530x@2x.jpg?v=1574584857
Portable & Rechargeable USB Fan,£17.58,https://techinstr.myshopify.com/products/portable-rechargeable-usb-fan,https://cdn.shopify.com/s/files/1/0115/5350/5338/products/product-image-221427337_530x@2x.jpg?v=1574584856
Official Kentstate Regulation Cornhole Set (Swoosh),£449.98,https://techinstr.myshopify.com/products/official-kentstate-regulation-cornhole-set-swoosh,https://cdn.shopify.com/s/files/1/0115/5350/5338/products/product-image-842069102_530x@2x.jpg?v=1574584858
Simplee Waistband lace up knitted sweater women jersey Round neck casual knitting jumper Winter sweater pullover female 2017,£31.98,https://techinstr.myshopify.com/products/simplee-waistband-lace-up-knitted-sweater-women-jersey-round-neck-casual-knitting-jumper-winter-sweater-pullover-female-2017,https://cdn.shopify.com/s/files/1/0115/5350/5338/products/product-image-796031669_530x@2x.jpg?v=1574584858
Sexy Women Floral Printed Long Dress Sleeveless Party Evening Beach Maxi Dress,£26.32,https://techinstr.myshopify.com/products/sexy-women-floral-printed-long-dress-sleeveless-party-evening-beach-maxi-dress,https://cdn.shopify.com/s/files/1/0115/5350/5338/products/product-image-581559646_530x@2x.jpg?v=1574584856
Queer As Folk Logo T Shirt,£26.00,https://techinstr.myshopify.com/products/queer-as-folk-logo-t-shirt,https://cdn.shopify.com/s/files/1/0115/5350/5338/products/product-image-763726748_530x@2x.jpg?v=1574584857
SHEIN Casual Leggings Women Fitness Leggings Color Block Autumn Winter Workout Pants New Arrival Mesh Insert Leggings,£23.94,https://techinstr.myshopify.com/products/shein-casual-leggings-women-fitness-leggings-color-block-autumn-winter-workout-pants-new-arrival-mesh-insert-leggings,https://cdn.shopify.com/s/files/1/0115/5350/5338/products/product-image-391718384_530x@2x.jpg?v=1574584857
Plain Knitted Cotton Hats For Newborn Baby Cute Solid Skullies Beanies Crochet Caps Girls Boy Warm Autumn Soft Hat Kids Knit Cap,£4.78,https://techinstr.myshopify.com/products/plain-knitted-cotton-hats-for-newborn-baby-cute-solid-skullies-beanies-crochet-caps-girls-boy-warm-autumn-soft-hat-kids-knit-cap,https://cdn.shopify.com/s/files/1/0115/5350/5338/products/product-image-809278038_530x@2x.jpg?v=1574584859
Queer As Folk Cast T Shirt,£26.00,https://techinstr.myshopify.com/products/queer-as-folk-cast-t-shirt,https://cdn.shopify.com/s/files/1/0115/5350/5338/products/product-image-759744358_530x@2x.jpg?v=1574584855
Scratch World Map Travel Edition Original 42 * 30cm,£8.98,https://techinstr.myshopify.com/products/scratch-world-map-travel-edition-original-42-30cm,https://cdn.shopify.com/s/files/1/0115/5350/5338/products/product-image-614108891_530x@2x.jpg?v=1574584859
Sterling Silver Marcasite Irish Shamrock Ring,£32.16,https://techinstr.myshopify.com/products/sterling-silver-marcasite-irish-shamrock-ring,https://cdn.shopify.com/s/files/1/0115/5350/5338/products/product-image-822223136_530x@2x.jpg?v=1574584859
Sterling Silver Square Peridot Pendant with Pave Set White Topaz Twist Bail,£93.54,https://techinstr.myshopify.com/products/sterling-silver-square-peridot-pendant-with-pave-set-white-topaz-twist-bail,https://cdn.shopify.com/s/files/1/0115/5350/5338/products/product-image-795944518_530x@2x.jpg?v=1574584860
Sterling Silver Tiny Butterfly Ring with Scroll Band,£34.44,https://techinstr.myshopify.com/products/sterling-silver-tiny-butterfly-ring-with-scroll-band,https://cdn.shopify.com/s/files/1/0115/5350/5338/products/product-image-796833431_530x@2x.jpg?v=1574584858
"Sterling Silver Lower Case Letter ""u"" Initial Charm",£21.24,https://techinstr.myshopify.com/products/sterling-silver-lower-case-letter-u-initial-charm,https://cdn.shopify.com/s/files/1/0115/5350/5338/products/product-image-781990320_530x@2x.jpg?v=1574584860
Sterling Silver French Wire (10 Pair),£31.50,https://techinstr.myshopify.com/products/sterling-silver-french-wire-10-pair,https://cdn.shopify.com/s/files/1/0115/5350/5338/products/product-image-781072292_530x@2x.jpg?v=1574584859
Sterling Silver Diamond Cut Unicorn with Flowers Earrings,£35.64,https://techinstr.myshopify.com/products/sterling-silver-diamond-cut-unicorn-with-flowers-earrings,https://cdn.shopify.com/s/files/1/0115/5350/5338/products/product-image-780818674_530x@2x.jpg?v=1574584860
Sterling Silver Bypass Leaf Ring,£42.36,https://techinstr.myshopify.com/products/sterling-silver-bypass-leaf-ring,https://cdn.shopify.com/s/files/1/0115/5350/5338/products/product-image-812620202_530x@2x.jpg?v=1574584859
Sweettreats Non-stick Copper Skillet with Ceramic Coating and Induction cooker Dishwasher safe,£28.00,https://techinstr.myshopify.com/products/sweettreats-non-stick-copper-skillet-with-ceramic-coating-and-induction-cooker-dishwasher-safe-1,https://cdn.shopify.com/s/files/1/0115/5350/5338/products/product-image-622779792_75cd9eb0-bddf-441b-9d8e-eeff62c0e285_530x@2x.jpg?v=1574584860
The Love Between Aunt and Niece is Forever-HSB,£7.98,https://techinstr.myshopify.com/products/the-love-between-aunt-and-niece-is-forever-hsb,https://cdn.shopify.com/s/files/1/0115/5350/5338/products/product-image-683296399_530x@2x.jpg?v=1574584861
Spring Summer 2017 Fashion Women Blouses Hanging Neck Long sleeve Sexy V-Neck Shirt Top Casual Gray Loose Ladies Blusas,£23.36,https://techinstr.myshopify.com/products/spring-summer-2017-fashion-women-blouses-hanging-neck-long-sleeve-sexy-v-neck-shirt-top-casual-gray-loose-ladies-blusas,https://cdn.shopify.com/s/files/1/0115/5350/5338/products/product-image-308801428_530x@2x.jpg?v=1574584857
Tassels Baby Moccasin Newborn Baby Shoes Soft Bottom PU Leather Prewalkers 0-18M,£5.94,https://techinstr.myshopify.com/products/tassels-baby-moccasin-newborn-baby-shoes-soft-bottom-pu-leather-prewalkers-0-18m,https://cdn.shopify.com/s/files/1/0115/5350/5338/products/product-image-426351735_530x@2x.jpg?v=1574584859
Sweettreats Non-stick Copper Skillet with Ceramic Coating and Induction cooker Dishwasher safe,£28.00,https://techinstr.myshopify.com/products/sweettreats-non-stick-copper-skillet-with-ceramic-coating-and-induction-cooker-dishwasher-safe,https://cdn.shopify.com/s/files/1/0115/5350/5338/products/product-image-622779792_530x@2x.jpg?v=1574584856
Swimwear Women Bikini Push Up Brazilian 2017 Sexy Pink Low Waist Female Bathing Suit With Pad Halter Bandage Micro Bikini Set EB,£13.40,https://techinstr.myshopify.com/products/swimwear-women-bikini-push-up-brazilian-2017-sexy-pink-low-waist-female-bathing-suit-with-pad-halter-bandage-micro-bikini-set-eb,https://cdn.shopify.com/s/files/1/0115/5350/5338/products/product-image-354918398_530x@2x.jpg?v=1574584857
The L Word Chart T Shirt,£26.00,https://techinstr.myshopify.com/products/the-l-word-chart-t-shirt,https://cdn.shopify.com/s/files/1/0115/5350/5338/products/product-image-759743536_530x@2x.jpg?v=1574584856
Two 10-Foot Cables for iPhone 4/5/6 and Android,£9.98,https://techinstr.myshopify.com/products/two-10-foot-cables-for-iphone-4-5-6-and-android,https://cdn.shopify.com/s/files/1/0115/5350/5338/products/product-image-682667037_530x@2x.jpg?v=1574584858
Vintage Double Heart Bracelet,£5.98,https://techinstr.myshopify.com/products/vintage-double-heart-bracelet,https://cdn.shopify.com/s/files/1/0115/5350/5338/products/product-image-687213015_530x@2x.jpg?v=1574584860
Simplee Ruffle knitted sweater female Butterfly sleeve winter 2018 slim fit pullover streetwear jumper pull femme peplum top,£37.98,https://techinstr.myshopify.com/products/simplee-ruffle-knitted-sweater-female-butterfly-sleeve-winter-2018-slim-fit-pullover-streetwear-jumper-pull-femme-peplum-top,https://cdn.shopify.com/s/files/1/0115/5350/5338/products/product-image-811667551_530x@2x.jpg?v=1574584860
Sterling Silver Two-tone Sand Dollar Bangle Bracelet (hook Closure),£185.94,https://techinstr.myshopify.com/products/sterling-silver-two-tone-sand-dollar-bangle-bracelet-hook-closure,https://cdn.shopify.com/s/files/1/0115/5350/5338/products/product-image-789699230_530x@2x.jpg?v=1574584859
Survivor Heroes Vs Villains T Shirt,£26.00,https://techinstr.myshopify.com/products/survivor-heroes-vs-villains-t-shirt,https://cdn.shopify.com/s/files/1/0115/5350/5338/products/product-image-759287250_530x@2x.jpg?v=1574584856
Toddler Newborn Baby Girls Letter Rompers Jumpsuit Flowers Pants 4PCS Outfit Set,£15.52,https://techinstr.myshopify.com/products/toddler-newborn-baby-girls-letter-rompers-jumpsuit-flowers-pants-4pcs-outfit-set,https://cdn.shopify.com/s/files/1/0115/5350/5338/products/product-image-517532987_530x@2x.jpg?v=1574584861
Women Bikini Swimsuit Sexy Two Pieces Paded Swimwear Push Up Swim Suit for Beach Swimming Pool Party,£14.10,https://techinstr.myshopify.com/products/women-bikini-swimsuit-sexy-two-pieces-paded-swimwear-push-up-swim-suit-for-beach-swimming-pool-party,https://cdn.shopify.com/s/files/1/0115/5350/5338/products/product-image-448691457_530x@2x.jpg?v=1574584857
Women Casual Chiffon O-Neck Sexy Sleeveless Print Beach Mini Party Dress,£12.00,https://techinstr.myshopify.com/products/women-casual-chiffon-o-neck-sexy-sleeveless-print-beach-mini-party-dress,https://cdn.shopify.com/s/files/1/0115/5350/5338/products/product-image-814419130_530x@2x.jpg?v=1574584859
WiFi Genius Repeater - Instantly Double Your WiFi Range,£22.90,https://techinstr.myshopify.com/products/wifi-genius-repeater-instantly-double-your-wifi-range,https://cdn.shopify.com/s/files/1/0115/5350/5338/products/product-image-675574360_530x@2x.jpg?v=1574584859
Women Autumn Long Sleeve Slim V Neck Buttons Blouse Tops Shirt Tee,£20.54,https://techinstr.myshopify.com/products/women-autumn-long-sleeve-slim-v-neck-buttons-blouse-tops-shirt-tee,https://cdn.shopify.com/s/files/1/0115/5350/5338/products/product-image-812012522_530x@2x.jpg?v=1574584861
Women Sexy Printing Buttons Off Shoulder Sleeveless Dress Princess Dress,£21.44,https://techinstr.myshopify.com/products/women-sexy-printing-buttons-off-shoulder-sleeveless-dress-princess-dress-1,https://cdn.shopify.com/s/files/1/0115/5350/5338/products/product-image-766414865_530x@2x.jpg?v=1574584859
Women Round Neck Long Sleeve Letter Print Casual Sweatshirt Pullover,£20.94,https://techinstr.myshopify.com/products/women-round-neck-long-sleeve-letter-print-casual-sweatshirt-pullover,https://cdn.shopify.com/s/files/1/0115/5350/5338/products/product-image-797782599_530x@2x.jpg?v=1574584860
Warm Winter Hooded Fur Jacket,£90.80,https://techinstr.myshopify.com/products/warm-winter-hooded-fur-jacket,https://cdn.shopify.com/s/files/1/0115/5350/5338/products/product-image-553623489_530x@2x.jpg?v=1574584857
Women Clubwear Casual Outfit Autumn And Winter Long Sleeves Top,£22.38,https://techinstr.myshopify.com/products/women-clubwear-casual-outfit-autumn-and-winter-long-sleeves-top,https://cdn.shopify.com/s/files/1/0115/5350/5338/products/product-image-798948949_530x@2x.jpg?v=1574584860
Women Summer Hollow Blouse Solid Short Sleeve Tops Sexy Party Skirt Two Sets,£23.50,https://techinstr.myshopify.com/products/women-summer-hollow-blouse-solid-short-sleeve-tops-sexy-party-skirt-two-sets,https://cdn.shopify.com/s/files/1/0115/5350/5338/products/product-image-815671391_530x@2x.jpg?v=1574584857
Women Sexy Printing Buttons Off Shoulder Sleeveless Dress Princess Dress,£23.12,https://techinstr.myshopify.com/products/women-sexy-printing-buttons-off-shoulder-sleeveless-dress-princess-dress,https://cdn.shopify.com/s/files/1/0115/5350/5338/products/product-image-544192339_530x@2x.jpg?v=1574584857
Women Summer Hollow Blouse Solid Short Sleeve Tops Sexy Party Skirt Two Sets,£23.50,https://techinstr.myshopify.com/products/women-summer-hollow-blouse-solid-short-sleeve-tops-sexy-party-skirt-two-sets-1,https://cdn.shopify.com/s/files/1/0115/5350/5338/products/product-image-815671391_ea58a671-1639-4ebd-9198-53dfe4b47889_530x@2x.jpg?v=1574584858
Women's Autumn V Neck Loose Long Sleeve Shirt Casual Blouse Tops T-Shirt,£24.78,https://techinstr.myshopify.com/products/womens-autumn-v-neck-loose-long-sleeve-shirt-casual-blouse-tops-t-shirt,https://cdn.shopify.com/s/files/1/0115/5350/5338/products/product-image-797915159_530x@2x.jpg?v=1574584860
Women Plaid Patchwork Polka Dot Long Sleeve T-Shirt O-neck Pullover Blouse Tops,£13.46,https://techinstr.myshopify.com/products/women-plaid-patchwork-polka-dot-long-sleeve-t-shirt-o-neck-pullover-blouse-tops,https://cdn.shopify.com/s/files/1/0115/5350/5338/products/product-image-517484445_530x@2x.jpg?v=1574584860
Women's Crochet Sleeve Dress,£23.50,https://techinstr.myshopify.com/products/womens-crochet-sleeve-dress,https://cdn.shopify.com/s/files/1/0115/5350/5338/products/product-image-639706991_530x@2x.jpg?v=1574584856
Women's Lantern Sleeves Solid Hoodie Pullover Tops Blouse,£26.54,https://techinstr.myshopify.com/products/womens-lantern-sleeves-solid-hoodie-pullover-tops-blouse,https://cdn.shopify.com/s/files/1/0115/5350/5338/products/product-image-798478137_530x@2x.jpg?v=1574584861
Women's Slimming Body-Support Undershirt Cami,£11.50,https://techinstr.myshopify.com/products/womens-slimming-body-support-undershirt-cami,https://cdn.shopify.com/s/files/1/0115/5350/5338/products/product-image-675148461_530x@2x.jpg?v=1574584858
women socks 2017 Fashion Girls Lace Antiskid Invisible Liner Ultra-thin Elastic Low Cut Socks calcetines divertidos,£2.02,https://techinstr.myshopify.com/products/women-socks-2017-fashion-girls-lace-antiskid-invisible-liner-ultra-thin-elastic-low-cut-socks-calcetines-divertidos,https://cdn.shopify.com/s/files/1/0115/5350/5338/products/product-image-309055794_530x@2x.jpg?v=1574584856
